C1,Data Type,Value in Example (Fixed Value),Description
"resourceType","String","Bundle","Identifies the root FHIR resource type."
"id","String",Discharge Summary,"The logical identifier for this specific Bundle."
"meta.versionId","String","1","The version identifier for the resource."
"meta.lastUpdated","Instant",DATE,"Timestamp of when the resource was last updated."
"meta.profile","Array of URIs","https://nrces.in/ndhm/fhir/r4/StructureDefinition/DocumentBundle","The specific FHIR profiles this resource claims to conform to."
"meta.security.system","URI","http://terminology.hl7.org/CodeSystem/v3-Confidentiality","The terminology system used for security tags."
"meta.security.code","String (Code)","V","The security code (e.g., 'V' for very restricted)."
"meta.security.display","String","very restricted","Human-readable display for the security code."
"identifier.system","URI","http://hip.in","The namespace/system for the bundle's identifier."
"identifier.value","String",UUID,"The actual unique identifier value for the bundle."
"type","String (Code)","document","Indicates this bundle acts as a clinical document."
"timestamp","Instant",DATE,"When this document bundle was assembled."
"entry.fullUrl","URI",UUID,"The absolute URL for the resource entry within the bundle."
"entry.resource.resourceType","String","Composition / Encounter / Procedure / etc.","Identifies the FHIR resource type of the embedded entry."
"entry.resource.id","String","9233224f-772c...","The logical identifier for the embedded resource."
"entry.resource.meta.profile","Array of URIs","https://nrces.in/.../DischargeSummaryRecord","The profile the embedded resource conforms to."
"entry.resource.language","String (Code)","en-IN","The base language of the resource content."
"entry.resource.text.status","String (Code)","generated","Indicates the narrative text was generated from the data."
"entry.resource.text.div","HTML String","<div xmlns=""http://www.w3.org/1999/xhtml"">...","The human-readable formatted HTML narrative."
"entry.resource.identifier.system","URI","https://healthid.ndhm.gov.in","The namespace for the resource's specific identifier."
"entry.resource.identifier.value","String","22-7225-4829-5255","The value of the resource's identifier."
"entry.resource.identifier.type.coding.system","URI","http://terminology.hl7.org/CodeSystem/v2-0203","Terminology system defining the identifier type."
"entry.resource.identifier.type.coding.code","String (Code)","MR / MD / PRN","Code indicating the type of identifier."
"entry.resource.status","String (Code)","final / finished / booked / active / completed","The workflow status of the resource."
"entry.resource.type.coding.system","URI","http://snomed.info/sct","The terminology system for the document/resource type."
"entry.resource.type.coding.code","String (Code)","373942005","The SNOMED CT code for the document or report type."
"entry.resource.subject.reference","String (Reference)",UUID,"Internal UUID reference linking to the Patient resource."
"entry.resource.encounter.reference","String (Reference)",UUID,"Reference connecting the summary to the hospital visit."
"entry.resource.date","DateTime","2020-07-09T15:32:26.605+05:30","The date/time associated with the resource context."
"entry.resource.author.reference","String (Reference)",UUID,"Internal UUID reference to the Practitioner (author)."
"entry.resource.title","String","Discharge Summary","A human-readable title for the document."
"entry.resource.confidentiality","String (Code)","N","Confidentiality rule for the document (N = normal)."
"entry.resource.custodian.reference","String (Reference)",UUID,"Organization responsible for the document."
"entry.resource.section.title","String","Chief complaints / Medical History...","Title of a specific section within the Composition."
"entry.resource.section.code.coding.system","URI","http://snomed.info/sct","Terminology system for the section code."
"entry.resource.section.code.coding.code","String (Code)","422843007 / 1003642006...","Code defining the type of clinical section."
"entry.resource.section.entry.reference","String (Reference)",UUID,"References to the data resources populating this section."
"entry.resource.name.text","String","ABC / DEF / UVW Hospital","Full text representation of an entity's name."
"entry.resource.telecom.system","String (Code)","phone / email","The kind of telecommunication device/contact."
"entry.resource.telecom.value","String","+91 273 2139 3632","The actual phone number or email address."
"entry.resource.gender","String (Code)","male","Administrative gender of the patient."
"entry.resource.birthDate","Date","1981-01-12","The patient's date of birth."
"entry.resource.class.system","URI","http://terminology.hl7.org/CodeSystem/v3-ActCode","System for classifying the Encounter."
"entry.resource.class.code","String (Code)","IMP","Code for Inpatient Encounter."
"entry.resource.period.start","DateTime","2020-04-20T15:32:26.605+05:30","When the encounter/admission started."
"entry.resource.period.end","DateTime","2020-05-01T15:32:26.605+05:30","When the encounter/admission ended."
"entry.resource.hospitalization.dischargeDisposition.coding.code","String (Code)","home","Where the patient went after discharge."
"entry.resource.serviceCategory.coding.code","String (Code)","408443003","Broad category of the appointment service."
"entry.resource.appointmentType.coding.code","String (Code)","185389009","Code defining a follow-up visit."
"entry.resource.reasonReference.reference","String (Reference)",UUID,"Condition acting as the reason for the appointment/medication."
"entry.resource.description","String","Discussion on the results...","Text description of the appointment or care plan."
"entry.resource.start","Instant",DATE,"Start time of the scheduled appointment."
"entry.resource.end","Instant",DATE,"End time of the scheduled appointment."
"entry.resource.participant.actor.reference","String (Reference)",UUID,"Entities involved in the appointment."
"entry.resource.participant.status","String (Code)","accepted","Status of the participant's acceptance."
"entry.resource.clinicalStatus.coding.code","String (Code)","recurrence / active","Clinical status of the Condition."
"entry.resource.code.coding.code","String (Code)","440700005 / 22298006 / 36969009","SNOMED/LOINC code for the Condition, Procedure, or Lab Test."
"entry.resource.performedDateTime","DateTime","2019-05-12","When a procedure was performed."
"entry.resource.complication.coding.code","String (Code)","131148009","Code for any complications during a procedure (e.g., Bleeding)."
"entry.resource.intent","String (Code)","order / plan","Intent of the MedicationRequest or CarePlan."
"entry.resource.medicationCodeableConcept.coding.code","String (Code)","765082007","Code for the requested medication (e.g., Nitroglycerin)."
"entry.resource.dosageInstruction.text","String","One tablet at once","Human-readable dosage instructions."
"entry.resource.dosageInstruction.timing.repeat.frequency","Number","1","How often the medication is taken."
"entry.resource.dosageInstruction.timing.repeat.periodUnit","String (Code)","d","The unit of time for the frequency (e.g., days)."
"entry.resource.dosageInstruction.route.coding.code","String (Code)","26643006","Code for the route of administration (e.g., Oral Route)."
"entry.resource.dosageInstruction.method.coding.code","String (Code)","421521009","Code for how the medication is administered (e.g., Swallow)."
"entry.resource.category.coding.code","String (Code)","736368003","Code defining the category of the CarePlan or Report."
"entry.resource.activity.outcomeReference.reference","String (Reference)",UUID,"Resulting actions tied to the CarePlan (e.g., linking the Appointment)."
"entry.resource.valueQuantity.value","Number","156 / 146","The numerical value of the lab observation."
"entry.resource.valueQuantity.unit","String","mg/dL","The human-readable unit of measure."
"entry.resource.referenceRange.high.value","Number","200 / 150","The upper bound of the normal/reference range."
"entry.resource.referenceRange.low.value","Number","40","The lower bound of the normal/reference range."
"entry.resource.content.attachment.contentType","String (MimeType)","application/pdf","The mime type of the attached document."
"entry.resource.content.attachment.data","Base64 String","<DATA_ENCRYPTED>","The actual base64 encoded binary data of the attachment."
"signature.type.system","URI","urn:iso-astm:E1762-95:2013","Standard system defining the type of signature."
"signature.type.code","String (Code)","1.2.840.10065.1.12.1.1","Code identifying it as an Author's Signature."
"signature.when","Instant",DATE,"When the signature was applied."
"signature.sigFormat","String (MimeType)","image/jpeg","The format of the signature data."